queue_id,priority,canton_code,bfs_code,municipality,district,degurb2021,canonical_portal_url,platform_family,portal_audit_status,green_unit_hint,search_query_1,search_query_2,acceptance_test
CITY-AG-4001,P0,AG,4001,Aarau,Bezirk Aarau,1,,TO_DISCOVER,PENDING,,"""Aarau"" (""offene Stellen"" OR Jobs) (Gärtner OR Werkhof OR Grünpflege)","""Aarau"" (Stadtgrün OR Stadtgärtnerei OR Werkhof OR Werkdienst OR Friedhof) Stelle","Localizar portal oficial, plataforma ATS, URL de listado, ID nativo, paginación y términos de automatización."
CITY-AG-4021,P0,AG,4021,Baden,Bezirk Baden,2,,TO_DISCOVER,PENDING,,"""Baden"" (""offene Stellen"" OR Jobs) (Gärtner OR Werkhof OR Grünpflege)","""Baden"" (Stadtgrün OR Stadtgärtnerei OR Werkhof OR Werkdienst OR Friedhof) Stelle","Localizar portal oficial, plataforma ATS, URL de listado, ID nativo, paginación y términos de automatización."
CITY-AG-4095,P0,AG,4095,Brugg,Bezirk Brugg,2,,TO_DISCOVER,PENDING,,"""Brugg"" (""offene Stellen"" OR Jobs) (Gärtner OR Werkhof OR Grünpflege)","""Brugg"" (Stadtgrün OR Stadtgärtnerei OR Werkhof OR Werkdienst OR Friedhof) Stelle","Localizar portal oficial, plataforma ATS, URL de listado, ID nativo, paginación y términos de automatización."
CITY-AG-4201,P0,AG,4201,Lenzburg,Bezirk Lenzburg,2,,TO_DISCOVER,PENDING,,"""Lenzburg"" (""offene Stellen"" OR Jobs) (Gärtner OR Werkhof OR Grünpflege)","""Lenzburg"" (Stadtgrün OR Stadtgärtnerei OR Werkhof OR Werkdienst OR Friedhof) Stelle","Localizar portal oficial, plataforma ATS, URL de listado, ID nativo, paginación y términos de automatización."
CITY-AG-4254,P0,AG,4254,Möhlin,Bezirk Rheinfelden,2,,TO_DISCOVER,PENDING,,"""Möhlin"" (""offene Stellen"" OR Jobs) (Gärtner OR Werkhof OR Grünpflege)","""Möhlin"" (Stadtgrün OR Stadtgärtnerei OR Werkhof OR Werkdienst OR Friedhof) Stelle","Localizar portal oficial, plataforma ATS, URL de listado, ID nativo, paginación y términos de automatización."
CITY-AG-4280,P0,AG,4280,Oftringen,Bezirk Zofingen,2,,TO_DISCOVER,PENDING,,"""Oftringen"" (""offene Stellen"" OR Jobs) (Gärtner OR Werkhof OR Grünpflege)","""Oftringen"" (Stadtgrün OR Stadtgärtnerei OR Werkhof OR Werkdienst OR Friedhof) Stelle","Localizar portal oficial, plataforma ATS, URL de listado, ID nativo, paginación y términos de automatización."
CITY-AG-4258,P0,AG,4258,Rheinfelden,Bezirk Rheinfelden,2,,TO_DISCOVER,PENDING,,"""Rheinfelden"" (""offene Stellen"" OR Jobs) (Gärtner OR Werkhof OR Grünpflege)","""Rheinfelden"" (Stadtgrün OR Stadtgärtnerei OR Werkhof OR Werkdienst OR Friedhof) Stelle","Localizar portal oficial, plataforma ATS, URL de listado, ID nativo, paginación y términos de automatización."
CITY-AG-4282,P0,AG,4282,Rothrist,Bezirk Zofingen,2,,TO_DISCOVER,PENDING,,"""Rothrist"" (""offene Stellen"" OR Jobs) (Gärtner OR Werkhof OR Grünpflege)","""Rothrist"" (Stadtgrün OR Stadtgärtnerei OR Werkhof OR Werkdienst OR Friedhof) Stelle","Localizar portal oficial, plataforma ATS, URL de listado, ID nativo, paginación y términos de automatización."
CITY-AG-4040,P0,AG,4040,Spreitenbach,Bezirk Baden,2,,TO_DISCOVER,PENDING,,"""Spreitenbach"" (""offene Stellen"" OR Jobs) (Gärtner OR Werkhof OR Grünpflege)","""Spreitenbach"" (Stadtgrün OR Stadtgärtnerei OR Werkhof OR Werkdienst OR Friedhof) Stelle","Localizar portal oficial, plataforma ATS, URL de listado, ID nativo, paginación y términos de automatización."
CITY-AG-4012,P0,AG,4012,Suhr,Bezirk Aarau,1,,TO_DISCOVER,PENDING,,"""Suhr"" (""offene Stellen"" OR Jobs) (Gärtner OR Werkhof OR Grünpflege)","""Suhr"" (Stadtgrün OR Stadtgärtnerei OR Werkhof OR Werkdienst OR Friedhof) Stelle","Localizar portal oficial, plataforma ATS, URL de listado, ID nativo, paginación y términos de automatización."
CITY-AG-4045,P0,AG,4045,Wettingen,Bezirk Baden,2,,TO_DISCOVER,PENDING,,"""Wettingen"" (""offene Stellen"" OR Jobs) (Gärtner OR Werkhof OR Grünpflege)","""Wettingen"" (Stadtgrün OR Stadtgärtnerei OR Werkhof OR Werkdienst OR Friedhof) Stelle","Localizar portal oficial, plataforma ATS, URL de listado, ID nativo, paginación y términos de automatización."
CITY-AG-4082,P0,AG,4082,Wohlen (AG),Bezirk Bremgarten,2,,TO_DISCOVER,PENDING,,"""Wohlen (AG)"" (""offene Stellen"" OR Jobs) (Gärtner OR Werkhof OR Grünpflege)","""Wohlen (AG)"" (Stadtgrün OR Stadtgärtnerei OR Werkhof OR Werkdienst OR Friedhof) Stelle","Localizar portal oficial, plataforma ATS, URL de listado, ID nativo, paginación y términos de automatización."
CITY-AG-4289,P0,AG,4289,Zofingen,Bezirk Zofingen,2,,TO_DISCOVER,PENDING,,"""Zofingen"" (""offene Stellen"" OR Jobs) (Gärtner OR Werkhof OR Grünpflege)","""Zofingen"" (Stadtgrün OR Stadtgärtnerei OR Werkhof OR Werkdienst OR Friedhof) Stelle","Localizar portal oficial, plataforma ATS, URL de listado, ID nativo, paginación y términos de automatización."
CITY-AR-3001,P0,AR,3001,Herisau,Bezirk Hinterland,2,,TO_DISCOVER,PENDING,,"""Herisau"" (""offene Stellen"" OR Jobs) (Gärtner OR Werkhof OR Grünpflege)","""Herisau"" (Stadtgrün OR Stadtgärtnerei OR Werkhof OR Werkdienst OR Friedhof) Stelle","Localizar portal oficial, plataforma ATS, URL de listado, ID nativo, paginación y términos de automatización."
CITY-BE-0861,P0,BE,861,Belp,Verwaltungskreis Bern-Mittelland,2,,TO_DISCOVER,PENDING,,"""Belp"" (""offene Stellen"" OR Jobs) (Gärtner OR Werkhof OR Grünpflege)","""Belp"" (Stadtgrün OR Stadtgärtnerei OR Werkhof OR Werkdienst OR Friedhof) Stelle","Localizar portal oficial, plataforma ATS, URL de listado, ID nativo, paginación y términos de automatización."
CITY-BE-0351,P0,BE,351,Bern,Verwaltungskreis Bern-Mittelland,1,https://www.bern.ch/themen/arbeiten-fuer-die-stadt-bern/offene-stellen,JOBS_BERN_CH,VERIFIED,Stadtgrün Bern,"""Bern"" (""offene Stellen"" OR Jobs) (Gärtner OR Werkhof OR Grünpflege)","""Bern"" (Stadtgrün OR Stadtgärtnerei OR Werkhof OR Werkdienst OR Friedhof) Stelle","Localizar portal oficial, plataforma ATS, URL de listado, ID nativo, paginación y términos de automatización."
CITY-BE-0371,P0,BE,371,Biel/Bienne,Verwaltungskreis Biel/Bienne,1,,TO_DISCOVER,PENDING,,"""Biel/Bienne"" (""offene Stellen"" OR Jobs) (Gärtner OR Werkhof OR Grünpflege)","""Biel/Bienne"" (Stadtgrün OR Stadtgärtnerei OR Werkhof OR Werkdienst OR Friedhof) Stelle","Localizar portal oficial, plataforma ATS, URL de listado, ID nativo, paginación y términos de automatización."
CITY-BE-0404,P0,BE,404,Burgdorf,Verwaltungskreis Emmental,2,,TO_DISCOVER,PENDING,,"""Burgdorf"" (""offene Stellen"" OR Jobs) (Gärtner OR Werkhof OR Grünpflege)","""Burgdorf"" (Stadtgrün OR Stadtgärtnerei OR Werkhof OR Werkdienst OR Friedhof) Stelle","Localizar portal oficial, plataforma ATS, URL de listado, ID nativo, paginación y términos de automatización."
CITY-BE-0581,P0,BE,581,Interlaken,Verwaltungskreis Interlaken-Oberhasli,2,,TO_DISCOVER,PENDING,,"""Interlaken"" (""offene Stellen"" OR Jobs) (Gärtner OR Werkhof OR Grünpflege)","""Interlaken"" (Stadtgrün OR Stadtgärtnerei OR Werkhof OR Werkdienst OR Friedhof) Stelle","Localizar portal oficial, plataforma ATS, URL de listado, ID nativo, paginación y términos de automatización."
CITY-BE-0362,P0,BE,362,Ittigen,Verwaltungskreis Bern-Mittelland,1,,TO_DISCOVER,PENDING,,"""Ittigen"" (""offene Stellen"" OR Jobs) (Gärtner OR Werkhof OR Grünpflege)","""Ittigen"" (Stadtgrün OR Stadtgärtnerei OR Werkhof OR Werkdienst OR Friedhof) Stelle","Localizar portal oficial, plataforma ATS, URL de listado, ID nativo, paginación y términos de automatización."
CITY-BE-0355,P0,BE,355,Köniz,Verwaltungskreis Bern-Mittelland,1,,TO_DISCOVER,PENDING,,"""Köniz"" (""offene Stellen"" OR Jobs) (Gärtner OR Werkhof OR Grünpflege)","""Köniz"" (Stadtgrün OR Stadtgärtnerei OR Werkhof OR Werkdienst OR Friedhof) Stelle","Localizar portal oficial, plataforma ATS, URL de listado, ID nativo, paginación y términos de automatización."
CITY-BE-0329,P0,BE,329,Langenthal,Verwaltungskreis Oberaargau,2,,TO_DISCOVER,PENDING,,"""Langenthal"" (""offene Stellen"" OR Jobs) (Gärtner OR Werkhof OR Grünpflege)","""Langenthal"" (Stadtgrün OR Stadtgärtnerei OR Werkhof OR Werkdienst OR Friedhof) Stelle","Localizar portal oficial, plataforma ATS, URL de listado, ID nativo, paginación y términos de automatización."
CITY-BE-0306,P0,BE,306,Lyss,Verwaltungskreis Seeland,2,,TO_DISCOVER,PENDING,,"""Lyss"" (""offene Stellen"" OR Jobs) (Gärtner OR Werkhof OR Grünpflege)","""Lyss"" (Stadtgrün OR Stadtgärtnerei OR Werkhof OR Werkdienst OR Friedhof) Stelle","Localizar portal oficial, plataforma ATS, URL de listado, ID nativo, paginación y términos de automatización."
CITY-BE-0356,P0,BE,356,Muri bei Bern,Verwaltungskreis Bern-Mittelland,1,,TO_DISCOVER,PENDING,,"""Muri bei Bern"" (""offene Stellen"" OR Jobs) (Gärtner OR Werkhof OR Grünpflege)","""Muri bei Bern"" (Stadtgrün OR Stadtgärtnerei OR Werkhof OR Werkdienst OR Friedhof) Stelle","Localizar portal oficial, plataforma ATS, URL de listado, ID nativo, paginación y términos de automatización."
CITY-BE-0546,P0,BE,546,Münchenbuchsee,Verwaltungskreis Bern-Mittelland,2,,TO_DISCOVER,PENDING,,"""Münchenbuchsee"" (""offene Stellen"" OR Jobs) (Gärtner OR Werkhof OR Grünpflege)","""Münchenbuchsee"" (Stadtgrün OR Stadtgärtnerei OR Werkhof OR Werkdienst OR Friedhof) Stelle","Localizar portal oficial, plataforma ATS, URL de listado, ID nativo, paginación y términos de automatización."
CITY-BE-0616,P0,BE,616,Münsingen,Verwaltungskreis Bern-Mittelland,2,,TO_DISCOVER,PENDING,,"""Münsingen"" (""offene Stellen"" OR Jobs) (Gärtner OR Werkhof OR Grünpflege)","""Münsingen"" (Stadtgrün OR Stadtgärtnerei OR Werkhof OR Werkdienst OR Friedhof) Stelle","Localizar portal oficial, plataforma ATS, URL de listado, ID nativo, paginación y términos de automatización."
CITY-BE-0363,P0,BE,363,Ostermundigen,Verwaltungskreis Bern-Mittelland,1,,TO_DISCOVER,PENDING,,"""Ostermundigen"" (""offene Stellen"" OR Jobs) (Gärtner OR Werkhof OR Grünpflege)","""Ostermundigen"" (Stadtgrün OR Stadtgärtnerei OR Werkhof OR Werkdienst OR Friedhof) Stelle","Localizar portal oficial, plataforma ATS, URL de listado, ID nativo, paginación y términos de automatización."
CITY-BE-0768,P0,BE,768,Spiez,Verwaltungskreis Frutigen-Niedersimmental,2,,TO_DISCOVER,PENDING,,"""Spiez"" (""offene Stellen"" OR Jobs) (Gärtner OR Werkhof OR Grünpflege)","""Spiez"" (Stadtgrün OR Stadtgärtnerei OR Werkhof OR Werkdienst OR Friedhof) Stelle","Localizar portal oficial, plataforma ATS, URL de listado, ID nativo, paginación y términos de automatización."
CITY-BE-0939,P0,BE,939,Steffisburg,Verwaltungskreis Thun,1,,TO_DISCOVER,PENDING,,"""Steffisburg"" (""offene Stellen"" OR Jobs) (Gärtner OR Werkhof OR Grünpflege)","""Steffisburg"" (Stadtgrün OR Stadtgärtnerei OR Werkhof OR Werkdienst OR Friedhof) Stelle","Localizar portal oficial, plataforma ATS, URL de listado, ID nativo, paginación y términos de automatización."
CITY-BE-0942,P0,BE,942,Thun,Verwaltungskreis Thun,1,,TO_DISCOVER,PENDING,,"""Thun"" (""offene Stellen"" OR Jobs) (Gärtner OR Werkhof OR Grünpflege)","""Thun"" (Stadtgrün OR Stadtgärtnerei OR Werkhof OR Werkdienst OR Friedhof) Stelle","Localizar portal oficial, plataforma ATS, URL de listado, ID nativo, paginación y términos de automatización."
CITY-BE-0361,P0,BE,361,Zollikofen,Verwaltungskreis Bern-Mittelland,2,,TO_DISCOVER,PENDING,,"""Zollikofen"" (""offene Stellen"" OR Jobs) (Gärtner OR Werkhof OR Grünpflege)","""Zollikofen"" (Stadtgrün OR Stadtgärtnerei OR Werkhof OR Werkdienst OR Friedhof) Stelle","Localizar portal oficial, plataforma ATS, URL de listado, ID nativo, paginación y términos de automatización."
CITY-BL-2761,P0,BL,2761,Aesch (BL),Bezirk Arlesheim,1,,TO_DISCOVER,PENDING,,"""Aesch (BL)"" (""offene Stellen"" OR Jobs) (Gärtner OR Werkhof OR Grünpflege)","""Aesch (BL)"" (Stadtgrün OR Stadtgärtnerei OR Werkhof OR Werkdienst OR Friedhof) Stelle","Localizar portal oficial, plataforma ATS, URL de listado, ID nativo, paginación y términos de automatización."
CITY-BL-2762,P0,BL,2762,Allschwil,Bezirk Arlesheim,1,,TO_DISCOVER,PENDING,,"""Allschwil"" (""offene Stellen"" OR Jobs) (Gärtner OR Werkhof OR Grünpflege)","""Allschwil"" (Stadtgrün OR Stadtgärtnerei OR Werkhof OR Werkdienst OR Friedhof) Stelle","Localizar portal oficial, plataforma ATS, URL de listado, ID nativo, paginación y términos de automatización."
CITY-BL-2763,P0,BL,2763,Arlesheim,Bezirk Arlesheim,1,,TO_DISCOVER,PENDING,,"""Arlesheim"" (""offene Stellen"" OR Jobs) (Gärtner OR Werkhof OR Grünpflege)","""Arlesheim"" (Stadtgrün OR Stadtgärtnerei OR Werkhof OR Werkdienst OR Friedhof) Stelle","Localizar portal oficial, plataforma ATS, URL de listado, ID nativo, paginación y términos de automatización."
CITY-BL-2765,P0,BL,2765,Binningen,Bezirk Arlesheim,1,,TO_DISCOVER,PENDING,,"""Binningen"" (""offene Stellen"" OR Jobs) (Gärtner OR Werkhof OR Grünpflege)","""Binningen"" (Stadtgrün OR Stadtgärtnerei OR Werkhof OR Werkdienst OR Friedhof) Stelle","Localizar portal oficial, plataforma ATS, URL de listado, ID nativo, paginación y términos de automatización."
CITY-BL-2766,P0,BL,2766,Birsfelden,Bezirk Arlesheim,1,,TO_DISCOVER,PENDING,,"""Birsfelden"" (""offene Stellen"" OR Jobs) (Gärtner OR Werkhof OR Grünpflege)","""Birsfelden"" (Stadtgrün OR Stadtgärtnerei OR Werkhof OR Werkdienst OR Friedhof) Stelle","Localizar portal oficial, plataforma ATS, URL de listado, ID nativo, paginación y términos de automatización."
CITY-BL-2829,P0,BL,2829,Liestal,Bezirk Liestal,2,,TO_DISCOVER,PENDING,,"""Liestal"" (""offene Stellen"" OR Jobs) (Gärtner OR Werkhof OR Grünpflege)","""Liestal"" (Stadtgrün OR Stadtgärtnerei OR Werkhof OR Werkdienst OR Friedhof) Stelle","Localizar portal oficial, plataforma ATS, URL de listado, ID nativo, paginación y términos de automatización."
CITY-BL-2770,P0,BL,2770,Muttenz,Bezirk Arlesheim,1,,TO_DISCOVER,PENDING,,"""Muttenz"" (""offene Stellen"" OR Jobs) (Gärtner OR Werkhof OR Grünpflege)","""Muttenz"" (Stadtgrün OR Stadtgärtnerei OR Werkhof OR Werkdienst OR Friedhof) Stelle","Localizar portal oficial, plataforma ATS, URL de listado, ID nativo, paginación y términos de automatización."
CITY-BL-2769,P0,BL,2769,Münchenstein,Bezirk Arlesheim,1,,TO_DISCOVER,PENDING,,"""Münchenstein"" (""offene Stellen"" OR Jobs) (Gärtner OR Werkhof OR Grünpflege)","""Münchenstein"" (Stadtgrün OR Stadtgärtnerei OR Werkhof OR Werkdienst OR Friedhof) Stelle","Localizar portal oficial, plataforma ATS, URL de listado, ID nativo, paginación y términos de automatización."
CITY-BL-2771,P0,BL,2771,Oberwil (BL),Bezirk Arlesheim,1,,TO_DISCOVER,PENDING,,"""Oberwil (BL)"" (""offene Stellen"" OR Jobs) (Gärtner OR Werkhof OR Grünpflege)","""Oberwil (BL)"" (Stadtgrün OR Stadtgärtnerei OR Werkhof OR Werkdienst OR Friedhof) Stelle","Localizar portal oficial, plataforma ATS, URL de listado, ID nativo, paginación y términos de automatización."
CITY-BL-2831,P0,BL,2831,Pratteln,Bezirk Liestal,2,,TO_DISCOVER,PENDING,,"""Pratteln"" (""offene Stellen"" OR Jobs) (Gärtner OR Werkhof OR Grünpflege)","""Pratteln"" (Stadtgrün OR Stadtgärtnerei OR Werkhof OR Werkdienst OR Friedhof) Stelle","Localizar portal oficial, plataforma ATS, URL de listado, ID nativo, paginación y términos de automatización."
CITY-BL-2773,P0,BL,2773,Reinach (BL),Bezirk Arlesheim,1,,TO_DISCOVER,PENDING,,"""Reinach (BL)"" (""offene Stellen"" OR Jobs) (Gärtner OR Werkhof OR Grünpflege)","""Reinach (BL)"" (Stadtgrün OR Stadtgärtnerei OR Werkhof OR Werkdienst OR Friedhof) Stelle","Localizar portal oficial, plataforma ATS, URL de listado, ID nativo, paginación y términos de automatización."
CITY-BS-2701,P0,BS,2701,Basel,Kanton Basel-Stadt,1,https://jobs.arbeitgeber.bs.ch/,BS_EMPLOYER_PORTAL,VERIFIED,Stadtgärtnerei Basel-Stadt,"""Basel"" (""offene Stellen"" OR Jobs) (Gärtner OR Werkhof OR Grünpflege)","""Basel"" (Stadtgrün OR Stadtgärtnerei OR Werkhof OR Werkdienst OR Friedhof) Stelle","Localizar portal oficial, plataforma ATS, URL de listado, ID nativo, paginación y términos de automatización."
CITY-BS-2703,P0,BS,2703,Riehen,Kanton Basel-Stadt,1,,TO_DISCOVER,PENDING,,"""Riehen"" (""offene Stellen"" OR Jobs) (Gärtner OR Werkhof OR Grünpflege)","""Riehen"" (Stadtgrün OR Stadtgärtnerei OR Werkhof OR Werkdienst OR Friedhof) Stelle","Localizar portal oficial, plataforma ATS, URL de listado, ID nativo, paginación y términos de automatización."
CITY-GL-1632,P0,GL,1632,Glarus,Kanton Glarus,2,,TO_DISCOVER,PENDING,,"""Glarus"" (""offene Stellen"" OR Jobs) (Gärtner OR Werkhof OR Grünpflege)","""Glarus"" (Stadtgrün OR Stadtgärtnerei OR Werkhof OR Werkdienst OR Friedhof) Stelle","Localizar portal oficial, plataforma ATS, URL de listado, ID nativo, paginación y términos de automatización."
CITY-GL-1630,P0,GL,1630,Glarus Nord,Kanton Glarus,2,,TO_DISCOVER,PENDING,,"""Glarus Nord"" (""offene Stellen"" OR Jobs) (Gärtner OR Werkhof OR Grünpflege)","""Glarus Nord"" (Stadtgrün OR Stadtgärtnerei OR Werkhof OR Werkdienst OR Friedhof) Stelle","Localizar portal oficial, plataforma ATS, URL de listado, ID nativo, paginación y términos de automatización."
CITY-GR-3901,P0,GR,3901,Chur,Region Plessur,2,,TO_DISCOVER,PENDING,,"""Chur"" (""offene Stellen"" OR Jobs) (Gärtner OR Werkhof OR Grünpflege)","""Chur"" (Stadtgrün OR Stadtgärtnerei OR Werkhof OR Werkdienst OR Friedhof) Stelle","Localizar portal oficial, plataforma ATS, URL de listado, ID nativo, paginación y términos de automatización."
CITY-GR-3851,P0,GR,3851,Davos,Region Prättigau / Davos,2,,TO_DISCOVER,PENDING,,"""Davos"" (""offene Stellen"" OR Jobs) (Gärtner OR Werkhof OR Grünpflege)","""Davos"" (Stadtgrün OR Stadtgärtnerei OR Werkhof OR Werkdienst OR Friedhof) Stelle","Localizar portal oficial, plataforma ATS, URL de listado, ID nativo, paginación y términos de automatización."
CITY-GR-3955,P0,GR,3955,Landquart,Region Landquart,2,,TO_DISCOVER,PENDING,,"""Landquart"" (""offene Stellen"" OR Jobs) (Gärtner OR Werkhof OR Grünpflege)","""Landquart"" (Stadtgrün OR Stadtgärtnerei OR Werkhof OR Werkdienst OR Friedhof) Stelle","Localizar portal oficial, plataforma ATS, URL de listado, ID nativo, paginación y términos de automatización."
CITY-GR-3787,P0,GR,3787,St. Moritz,Region Maloja,2,,TO_DISCOVER,PENDING,,"""St. Moritz"" (""offene Stellen"" OR Jobs) (Gärtner OR Werkhof OR Grünpflege)","""St. Moritz"" (Stadtgrün OR Stadtgärtnerei OR Werkhof OR Werkdienst OR Friedhof) Stelle","Localizar portal oficial, plataforma ATS, URL de listado, ID nativo, paginación y términos de automatización."
CITY-LU-1054,P0,LU,1054,Ebikon,Wahlkreis Luzern-Land,2,,TO_DISCOVER,PENDING,,"""Ebikon"" (""offene Stellen"" OR Jobs) (Gärtner OR Werkhof OR Grünpflege)","""Ebikon"" (Stadtgrün OR Stadtgärtnerei OR Werkhof OR Werkdienst OR Friedhof) Stelle","Localizar portal oficial, plataforma ATS, URL de listado, ID nativo, paginación y términos de automatización."
CITY-LU-1024,P0,LU,1024,Emmen,Wahlkreis Hochdorf,1,,TO_DISCOVER,PENDING,,"""Emmen"" (""offene Stellen"" OR Jobs) (Gärtner OR Werkhof OR Grünpflege)","""Emmen"" (Stadtgrün OR Stadtgärtnerei OR Werkhof OR Werkdienst OR Friedhof) Stelle","Localizar portal oficial, plataforma ATS, URL de listado, ID nativo, paginación y términos de automatización."
CITY-LU-1031,P0,LU,1031,Hochdorf,Wahlkreis Hochdorf,2,,TO_DISCOVER,PENDING,,"""Hochdorf"" (""offene Stellen"" OR Jobs) (Gärtner OR Werkhof OR Grünpflege)","""Hochdorf"" (Stadtgrün OR Stadtgärtnerei OR Werkhof OR Werkdienst OR Friedhof) Stelle","Localizar portal oficial, plataforma ATS, URL de listado, ID nativo, paginación y términos de automatización."
CITY-LU-1058,P0,LU,1058,Horw,Wahlkreis Luzern-Land,1,,TO_DISCOVER,PENDING,,"""Horw"" (""offene Stellen"" OR Jobs) (Gärtner OR Werkhof OR Grünpflege)","""Horw"" (Stadtgrün OR Stadtgärtnerei OR Werkhof OR Werkdienst OR Friedhof) Stelle","Localizar portal oficial, plataforma ATS, URL de listado, ID nativo, paginación y términos de automatización."
CITY-LU-1059,P0,LU,1059,Kriens,Wahlkreis Luzern-Land,1,,TO_DISCOVER,PENDING,,"""Kriens"" (""offene Stellen"" OR Jobs) (Gärtner OR Werkhof OR Grünpflege)","""Kriens"" (Stadtgrün OR Stadtgärtnerei OR Werkhof OR Werkdienst OR Friedhof) Stelle","Localizar portal oficial, plataforma ATS, URL de listado, ID nativo, paginación y términos de automatización."
CITY-LU-1061,P0,LU,1061,Luzern,Wahlkreis Luzern-Stadt,1,https://jobs.stadtluzern.ch/stellen/,CITY_LUZERN_PORTAL,VERIFIED,Stadtgrün Luzern / Strasseninspektorat,"""Luzern"" (""offene Stellen"" OR Jobs) (Gärtner OR Werkhof OR Grünpflege)","""Luzern"" (Stadtgrün OR Stadtgärtnerei OR Werkhof OR Werkdienst OR Friedhof) Stelle","Localizar portal oficial, plataforma ATS, URL de listado, ID nativo, paginación y términos de automatización."
CITY-LU-1103,P0,LU,1103,Sursee,Wahlkreis Sursee,2,,TO_DISCOVER,PENDING,,"""Sursee"" (""offene Stellen"" OR Jobs) (Gärtner OR Werkhof OR Grünpflege)","""Sursee"" (Stadtgrün OR Stadtgärtnerei OR Werkhof OR Werkdienst OR Friedhof) Stelle","Localizar portal oficial, plataforma ATS, URL de listado, ID nativo, paginación y términos de automatización."
CITY-NW-1509,P0,NW,1509,Stans,Kanton Nidwalden,2,,TO_DISCOVER,PENDING,,"""Stans"" (""offene Stellen"" OR Jobs) (Gärtner OR Werkhof OR Grünpflege)","""Stans"" (Stadtgrün OR Stadtgärtnerei OR Werkhof OR Werkdienst OR Friedhof) Stelle","Localizar portal oficial, plataforma ATS, URL de listado, ID nativo, paginación y términos de automatización."
CITY-OW-1407,P0,OW,1407,Sarnen,Kanton Obwalden,2,,TO_DISCOVER,PENDING,,"""Sarnen"" (""offene Stellen"" OR Jobs) (Gärtner OR Werkhof OR Grünpflege)","""Sarnen"" (Stadtgrün OR Stadtgärtnerei OR Werkhof OR Werkdienst OR Friedhof) Stelle","Localizar portal oficial, plataforma ATS, URL de listado, ID nativo, paginación y términos de automatización."
CITY-SG-3251,P0,SG,3251,Altstätten,Wahlkreis Rheintal,2,,TO_DISCOVER,PENDING,,"""Altstätten"" (""offene Stellen"" OR Jobs) (Gärtner OR Werkhof OR Grünpflege)","""Altstätten"" (Stadtgrün OR Stadtgärtnerei OR Werkhof OR Werkdienst OR Friedhof) Stelle","Localizar portal oficial, plataforma ATS, URL de listado, ID nativo, paginación y términos de automatización."
CITY-SG-3271,P0,SG,3271,Buchs (SG),Wahlkreis Werdenberg,2,,TO_DISCOVER,PENDING,,"""Buchs (SG)"" (""offene Stellen"" OR Jobs) (Gärtner OR Werkhof OR Grünpflege)","""Buchs (SG)"" (Stadtgrün OR Stadtgärtnerei OR Werkhof OR Werkdienst OR Friedhof) Stelle","Localizar portal oficial, plataforma ATS, URL de listado, ID nativo, paginación y términos de automatización."
CITY-SG-3402,P0,SG,3402,Flawil,Wahlkreis Wil,2,,TO_DISCOVER,PENDING,,"""Flawil"" (""offene Stellen"" OR Jobs) (Gärtner OR Werkhof OR Grünpflege)","""Flawil"" (Stadtgrün OR Stadtgärtnerei OR Werkhof OR Werkdienst OR Friedhof) Stelle","Localizar portal oficial, plataforma ATS, URL de listado, ID nativo, paginación y términos de automatización."
CITY-SG-3443,P0,SG,3443,Gossau (SG),Wahlkreis St. Gallen,2,,TO_DISCOVER,PENDING,,"""Gossau (SG)"" (""offene Stellen"" OR Jobs) (Gärtner OR Werkhof OR Grünpflege)","""Gossau (SG)"" (Stadtgrün OR Stadtgärtnerei OR Werkhof OR Werkdienst OR Friedhof) Stelle","Localizar portal oficial, plataforma ATS, URL de listado, ID nativo, paginación y términos de automatización."
CITY-SG-3340,P0,SG,3340,Rapperswil-Jona,Wahlkreis See-Gaster,2,,TO_DISCOVER,PENDING,,"""Rapperswil-Jona"" (""offene Stellen"" OR Jobs) (Gärtner OR Werkhof OR Grünpflege)","""Rapperswil-Jona"" (Stadtgrün OR Stadtgärtnerei OR Werkhof OR Werkdienst OR Friedhof) Stelle","Localizar portal oficial, plataforma ATS, URL de listado, ID nativo, paginación y términos de automatización."
CITY-SG-3215,P0,SG,3215,Rorschach,Wahlkreis Rorschach,2,,TO_DISCOVER,PENDING,,"""Rorschach"" (""offene Stellen"" OR Jobs) (Gärtner OR Werkhof OR Grünpflege)","""Rorschach"" (Stadtgrün OR Stadtgärtnerei OR Werkhof OR Werkdienst OR Friedhof) Stelle","Localizar portal oficial, plataforma ATS, URL de listado, ID nativo, paginación y términos de automatización."
CITY-SG-3203,P0,SG,3203,St. Gallen,Wahlkreis St. Gallen,1,https://www.stadt.sg.ch/home/verwaltung-politik/arbeiten-fuer-stgallen.html,CITY_SG_PORTAL,VERIFIED,Stadtgrün St.Gallen / Botanischer Garten,"""St. Gallen"" (""offene Stellen"" OR Jobs) (Gärtner OR Werkhof OR Grünpflege)","""St. Gallen"" (Stadtgrün OR Stadtgärtnerei OR Werkhof OR Werkdienst OR Friedhof) Stelle","Localizar portal oficial, plataforma ATS, URL de listado, ID nativo, paginación y términos de automatización."
CITY-SG-3408,P0,SG,3408,Uzwil,Wahlkreis Wil,2,,TO_DISCOVER,PENDING,,"""Uzwil"" (""offene Stellen"" OR Jobs) (Gärtner OR Werkhof OR Grünpflege)","""Uzwil"" (Stadtgrün OR Stadtgärtnerei OR Werkhof OR Werkdienst OR Friedhof) Stelle","Localizar portal oficial, plataforma ATS, URL de listado, ID nativo, paginación y términos de automatización."
CITY-SG-3238,P0,SG,3238,Widnau,Wahlkreis Rheintal,2,,TO_DISCOVER,PENDING,,"""Widnau"" (""offene Stellen"" OR Jobs) (Gärtner OR Werkhof OR Grünpflege)","""Widnau"" (Stadtgrün OR Stadtgärtnerei OR Werkhof OR Werkdienst OR Friedhof) Stelle","Localizar portal oficial, plataforma ATS, URL de listado, ID nativo, paginación y términos de automatización."
CITY-SG-3427,P0,SG,3427,Wil (SG),Wahlkreis Wil,2,,TO_DISCOVER,PENDING,,"""Wil (SG)"" (""offene Stellen"" OR Jobs) (Gärtner OR Werkhof OR Grünpflege)","""Wil (SG)"" (Stadtgrün OR Stadtgärtnerei OR Werkhof OR Werkdienst OR Friedhof) Stelle","Localizar portal oficial, plataforma ATS, URL de listado, ID nativo, paginación y términos de automatización."
CITY-SH-2937,P0,SH,2937,Neuhausen am Rheinfall,Bezirk Schaffhausen,2,,TO_DISCOVER,PENDING,,"""Neuhausen am Rheinfall"" (""offene Stellen"" OR Jobs) (Gärtner OR Werkhof OR Grünpflege)","""Neuhausen am Rheinfall"" (Stadtgrün OR Stadtgärtnerei OR Werkhof OR Werkdienst OR Friedhof) Stelle","Localizar portal oficial, plataforma ATS, URL de listado, ID nativo, paginación y términos de automatización."
CITY-SH-2939,P0,SH,2939,Schaffhausen,Bezirk Schaffhausen,2,https://jobs.stadt-schaffhausen.ch/freie-stellen/,UMANTIS_LINKED,VERIFIED,Grün Schaffhausen,"""Schaffhausen"" (""offene Stellen"" OR Jobs) (Gärtner OR Werkhof OR Grünpflege)","""Schaffhausen"" (Stadtgrün OR Stadtgärtnerei OR Werkhof OR Werkdienst OR Friedhof) Stelle","Localizar portal oficial, plataforma ATS, URL de listado, ID nativo, paginación y términos de automatización."
CITY-SO-2546,P0,SO,2546,Grenchen,Bezirk Lebern,2,,TO_DISCOVER,PENDING,,"""Grenchen"" (""offene Stellen"" OR Jobs) (Gärtner OR Werkhof OR Grünpflege)","""Grenchen"" (Stadtgrün OR Stadtgärtnerei OR Werkhof OR Werkdienst OR Friedhof) Stelle","Localizar portal oficial, plataforma ATS, URL de listado, ID nativo, paginación y términos de automatización."
CITY-SO-2581,P0,SO,2581,Olten,Bezirk Olten,2,,TO_DISCOVER,PENDING,,"""Olten"" (""offene Stellen"" OR Jobs) (Gärtner OR Werkhof OR Grünpflege)","""Olten"" (Stadtgrün OR Stadtgärtnerei OR Werkhof OR Werkdienst OR Friedhof) Stelle","Localizar portal oficial, plataforma ATS, URL de listado, ID nativo, paginación y términos de automatización."
CITY-SO-2601,P0,SO,2601,Solothurn,Bezirk Solothurn,2,,TO_DISCOVER,PENDING,,"""Solothurn"" (""offene Stellen"" OR Jobs) (Gärtner OR Werkhof OR Grünpflege)","""Solothurn"" (Stadtgrün OR Stadtgärtnerei OR Werkhof OR Werkdienst OR Friedhof) Stelle","Localizar portal oficial, plataforma ATS, URL de listado, ID nativo, paginación y términos de automatización."
CITY-SO-2534,P0,SO,2534,Zuchwil,Bezirk Wasseramt,2,,TO_DISCOVER,PENDING,,"""Zuchwil"" (""offene Stellen"" OR Jobs) (Gärtner OR Werkhof OR Grünpflege)","""Zuchwil"" (Stadtgrün OR Stadtgärtnerei OR Werkhof OR Werkdienst OR Friedhof) Stelle","Localizar portal oficial, plataforma ATS, URL de listado, ID nativo, paginación y términos de automatización."
CITY-SZ-1362,P0,SZ,1362,Arth,Bezirk Schwyz,2,,TO_DISCOVER,PENDING,,"""Arth"" (""offene Stellen"" OR Jobs) (Gärtner OR Werkhof OR Grünpflege)","""Arth"" (Stadtgrün OR Stadtgärtnerei OR Werkhof OR Werkdienst OR Friedhof) Stelle","Localizar portal oficial, plataforma ATS, URL de listado, ID nativo, paginación y términos de automatización."
CITY-SZ-1301,P0,SZ,1301,Einsiedeln,Bezirk Einsiedeln,2,,TO_DISCOVER,PENDING,,"""Einsiedeln"" (""offene Stellen"" OR Jobs) (Gärtner OR Werkhof OR Grünpflege)","""Einsiedeln"" (Stadtgrün OR Stadtgärtnerei OR Werkhof OR Werkdienst OR Friedhof) Stelle","Localizar portal oficial, plataforma ATS, URL de listado, ID nativo, paginación y términos de automatización."
CITY-SZ-1322,P0,SZ,1322,Freienbach,Bezirk Höfe,2,,TO_DISCOVER,PENDING,,"""Freienbach"" (""offene Stellen"" OR Jobs) (Gärtner OR Werkhof OR Grünpflege)","""Freienbach"" (Stadtgrün OR Stadtgärtnerei OR Werkhof OR Werkdienst OR Friedhof) Stelle","Localizar portal oficial, plataforma ATS, URL de listado, ID nativo, paginación y términos de automatización."
CITY-SZ-1331,P0,SZ,1331,Küssnacht (SZ),Bezirk Küssnacht (SZ),2,,TO_DISCOVER,PENDING,,"""Küssnacht (SZ)"" (""offene Stellen"" OR Jobs) (Gärtner OR Werkhof OR Grünpflege)","""Küssnacht (SZ)"" (Stadtgrün OR Stadtgärtnerei OR Werkhof OR Werkdienst OR Friedhof) Stelle","Localizar portal oficial, plataforma ATS, URL de listado, ID nativo, paginación y términos de automatización."
CITY-SZ-1344,P0,SZ,1344,Lachen,Bezirk March,2,,TO_DISCOVER,PENDING,,"""Lachen"" (""offene Stellen"" OR Jobs) (Gärtner OR Werkhof OR Grünpflege)","""Lachen"" (Stadtgrün OR Stadtgärtnerei OR Werkhof OR Werkdienst OR Friedhof) Stelle","Localizar portal oficial, plataforma ATS, URL de listado, ID nativo, paginación y términos de automatización."
CITY-SZ-1372,P0,SZ,1372,Schwyz,Bezirk Schwyz,2,,TO_DISCOVER,PENDING,,"""Schwyz"" (""offene Stellen"" OR Jobs) (Gärtner OR Werkhof OR Grünpflege)","""Schwyz"" (Stadtgrün OR Stadtgärtnerei OR Werkhof OR Werkdienst OR Friedhof) Stelle","Localizar portal oficial, plataforma ATS, URL de listado, ID nativo, paginación y términos de automatización."
CITY-TG-4461,P0,TG,4461,Amriswil,Bezirk Arbon,2,,TO_DISCOVER,PENDING,,"""Amriswil"" (""offene Stellen"" OR Jobs) (Gärtner OR Werkhof OR Grünpflege)","""Amriswil"" (Stadtgrün OR Stadtgärtnerei OR Werkhof OR Werkdienst OR Friedhof) Stelle","Localizar portal oficial, plataforma ATS, URL de listado, ID nativo, paginación y términos de automatización."
CITY-TG-4401,P0,TG,4401,Arbon,Bezirk Arbon,2,,TO_DISCOVER,PENDING,,"""Arbon"" (""offene Stellen"" OR Jobs) (Gärtner OR Werkhof OR Grünpflege)","""Arbon"" (Stadtgrün OR Stadtgärtnerei OR Werkhof OR Werkdienst OR Friedhof) Stelle","Localizar portal oficial, plataforma ATS, URL de listado, ID nativo, paginación y términos de automatización."
CITY-TG-4566,P0,TG,4566,Frauenfeld,Bezirk Frauenfeld,2,,TO_DISCOVER,PENDING,,"""Frauenfeld"" (""offene Stellen"" OR Jobs) (Gärtner OR Werkhof OR Grünpflege)","""Frauenfeld"" (Stadtgrün OR Stadtgärtnerei OR Werkhof OR Werkdienst OR Friedhof) Stelle","Localizar portal oficial, plataforma ATS, URL de listado, ID nativo, paginación y términos de automatización."
CITY-TG-4671,P0,TG,4671,Kreuzlingen,Bezirk Kreuzlingen,1,,TO_DISCOVER,PENDING,,"""Kreuzlingen"" (""offene Stellen"" OR Jobs) (Gärtner OR Werkhof OR Grünpflege)","""Kreuzlingen"" (Stadtgrün OR Stadtgärtnerei OR Werkhof OR Werkdienst OR Friedhof) Stelle","Localizar portal oficial, plataforma ATS, URL de listado, ID nativo, paginación y términos de automatización."
CITY-TG-4436,P0,TG,4436,Romanshorn,Bezirk Arbon,2,,TO_DISCOVER,PENDING,,"""Romanshorn"" (""offene Stellen"" OR Jobs) (Gärtner OR Werkhof OR Grünpflege)","""Romanshorn"" (Stadtgrün OR Stadtgärtnerei OR Werkhof OR Werkdienst OR Friedhof) Stelle","Localizar portal oficial, plataforma ATS, URL de listado, ID nativo, paginación y términos de automatización."
CITY-TG-4946,P0,TG,4946,Weinfelden,Bezirk Weinfelden,2,,TO_DISCOVER,PENDING,,"""Weinfelden"" (""offene Stellen"" OR Jobs) (Gärtner OR Werkhof OR Grünpflege)","""Weinfelden"" (Stadtgrün OR Stadtgärtnerei OR Werkhof OR Werkdienst OR Friedhof) Stelle","Localizar portal oficial, plataforma ATS, URL de listado, ID nativo, paginación y términos de automatización."
CITY-UR-1201,P0,UR,1201,Altdorf (UR),Kanton Uri,2,,TO_DISCOVER,PENDING,,"""Altdorf (UR)"" (""offene Stellen"" OR Jobs) (Gärtner OR Werkhof OR Grünpflege)","""Altdorf (UR)"" (Stadtgrün OR Stadtgärtnerei OR Werkhof OR Werkdienst OR Friedhof) Stelle","Localizar portal oficial, plataforma ATS, URL de listado, ID nativo, paginación y términos de automatización."
CITY-VS-6002,P0,VS,6002,Brig-Glis,Bezirk Brig,2,,TO_DISCOVER,PENDING,,"""Brig-Glis"" (""offene Stellen"" OR Jobs) (Gärtner OR Werkhof OR Grünpflege)","""Brig-Glis"" (Stadtgrün OR Stadtgärtnerei OR Werkhof OR Werkdienst OR Friedhof) Stelle","Localizar portal oficial, plataforma ATS, URL de listado, ID nativo, paginación y términos de automatización."
CITY-VS-6297,P0,VS,6297,Visp,Bezirk Visp,2,,TO_DISCOVER,PENDING,,"""Visp"" (""offene Stellen"" OR Jobs) (Gärtner OR Werkhof OR Grünpflege)","""Visp"" (Stadtgrün OR Stadtgärtnerei OR Werkhof OR Werkdienst OR Friedhof) Stelle","Localizar portal oficial, plataforma ATS, URL de listado, ID nativo, paginación y términos de automatización."
CITY-VS-6300,P0,VS,6300,Zermatt,Bezirk Visp,2,,TO_DISCOVER,PENDING,,"""Zermatt"" (""offene Stellen"" OR Jobs) (Gärtner OR Werkhof OR Grünpflege)","""Zermatt"" (Stadtgrün OR Stadtgärtnerei OR Werkhof OR Werkdienst OR Friedhof) Stelle","Localizar portal oficial, plataforma ATS, URL de listado, ID nativo, paginación y términos de automatización."
CITY-ZG-1701,P0,ZG,1701,Baar,Kanton Zug,1,,TO_DISCOVER,PENDING,,"""Baar"" (""offene Stellen"" OR Jobs) (Gärtner OR Werkhof OR Grünpflege)","""Baar"" (Stadtgrün OR Stadtgärtnerei OR Werkhof OR Werkdienst OR Friedhof) Stelle","Localizar portal oficial, plataforma ATS, URL de listado, ID nativo, paginación y términos de automatización."
CITY-ZG-1702,P0,ZG,1702,Cham,Kanton Zug,1,,TO_DISCOVER,PENDING,,"""Cham"" (""offene Stellen"" OR Jobs) (Gärtner OR Werkhof OR Grünpflege)","""Cham"" (Stadtgrün OR Stadtgärtnerei OR Werkhof OR Werkdienst OR Friedhof) Stelle","Localizar portal oficial, plataforma ATS, URL de listado, ID nativo, paginación y términos de automatización."
CITY-ZG-1707,P0,ZG,1707,Risch,Kanton Zug,2,,TO_DISCOVER,PENDING,,"""Risch"" (""offene Stellen"" OR Jobs) (Gärtner OR Werkhof OR Grünpflege)","""Risch"" (Stadtgrün OR Stadtgärtnerei OR Werkhof OR Werkdienst OR Friedhof) Stelle","Localizar portal oficial, plataforma ATS, URL de listado, ID nativo, paginación y términos de automatización."
CITY-ZG-1708,P0,ZG,1708,Steinhausen,Kanton Zug,1,,TO_DISCOVER,PENDING,,"""Steinhausen"" (""offene Stellen"" OR Jobs) (Gärtner OR Werkhof OR Grünpflege)","""Steinhausen"" (Stadtgrün OR Stadtgärtnerei OR Werkhof OR Werkdienst OR Friedhof) Stelle","Localizar portal oficial, plataforma ATS, URL de listado, ID nativo, paginación y términos de automatización."
CITY-ZG-1711,P0,ZG,1711,Zug,Kanton Zug,1,,TO_DISCOVER,PENDING,,"""Zug"" (""offene Stellen"" OR Jobs) (Gärtner OR Werkhof OR Grünpflege)","""Zug"" (Stadtgrün OR Stadtgärtnerei OR Werkhof OR Werkdienst OR Friedhof) Stelle","Localizar portal oficial, plataforma ATS, URL de listado, ID nativo, paginación y términos de automatización."
CITY-ZH-0131,P0,ZH,131,Adliswil,Bezirk Horgen,1,,TO_DISCOVER,PENDING,,"""Adliswil"" (""offene Stellen"" OR Jobs) (Gärtner OR Werkhof OR Grünpflege)","""Adliswil"" (Stadtgrün OR Stadtgärtnerei OR Werkhof OR Werkdienst OR Friedhof) Stelle","Localizar portal oficial, plataforma ATS, URL de listado, ID nativo, paginación y términos de automatización."
CITY-ZH-0002,P0,ZH,2,Affoltern am Albis,Bezirk Affoltern,2,,TO_DISCOVER,PENDING,,"""Affoltern am Albis"" (""offene Stellen"" OR Jobs) (Gärtner OR Werkhof OR Grünpflege)","""Affoltern am Albis"" (Stadtgrün OR Stadtgärtnerei OR Werkhof OR Werkdienst OR Friedhof) Stelle","Localizar portal oficial, plataforma ATS, URL de listado, ID nativo, paginación y términos de automatización."
CITY-ZH-0052,P0,ZH,52,Bassersdorf,Bezirk Bülach,1,,TO_DISCOVER,PENDING,,"""Bassersdorf"" (""offene Stellen"" OR Jobs) (Gärtner OR Werkhof OR Grünpflege)","""Bassersdorf"" (Stadtgrün OR Stadtgärtnerei OR Werkhof OR Werkdienst OR Friedhof) Stelle","Localizar portal oficial, plataforma ATS, URL de listado, ID nativo, paginación y términos de automatización."
CITY-ZH-0053,P0,ZH,53,Bülach,Bezirk Bülach,2,,TO_DISCOVER,PENDING,,"""Bülach"" (""offene Stellen"" OR Jobs) (Gärtner OR Werkhof OR Grünpflege)","""Bülach"" (Stadtgrün OR Stadtgärtnerei OR Werkhof OR Werkdienst OR Friedhof) Stelle","Localizar portal oficial, plataforma ATS, URL de listado, ID nativo, paginación y términos de automatización."
CITY-ZH-0243,P0,ZH,243,Dietikon,Bezirk Dietikon,1,,TO_DISCOVER,PENDING,,"""Dietikon"" (""offene Stellen"" OR Jobs) (Gärtner OR Werkhof OR Grünpflege)","""Dietikon"" (Stadtgrün OR Stadtgärtnerei OR Werkhof OR Werkdienst OR Friedhof) Stelle","Localizar portal oficial, plataforma ATS, URL de listado, ID nativo, paginación y términos de automatización."
CITY-ZH-0191,P0,ZH,191,Dübendorf,Bezirk Uster,1,,TO_DISCOVER,PENDING,,"""Dübendorf"" (""offene Stellen"" OR Jobs) (Gärtner OR Werkhof OR Grünpflege)","""Dübendorf"" (Stadtgrün OR Stadtgärtnerei OR Werkhof OR Werkdienst OR Friedhof) Stelle","Localizar portal oficial, plataforma ATS, URL de listado, ID nativo, paginación y términos de automatización."
CITY-ZH-0117,P0,ZH,117,Hinwil,Bezirk Hinwil,2,,TO_DISCOVER,PENDING,,"""Hinwil"" (""offene Stellen"" OR Jobs) (Gärtner OR Werkhof OR Grünpflege)","""Hinwil"" (Stadtgrün OR Stadtgärtnerei OR Werkhof OR Werkdienst OR Friedhof) Stelle","Localizar portal oficial, plataforma ATS, URL de listado, ID nativo, paginación y términos de automatización."
CITY-ZH-0295,P0,ZH,295,Horgen,Bezirk Horgen,1,,TO_DISCOVER,PENDING,,"""Horgen"" (""offene Stellen"" OR Jobs) (Gärtner OR Werkhof OR Grünpflege)","""Horgen"" (Stadtgrün OR Stadtgärtnerei OR Werkhof OR Werkdienst OR Friedhof) Stelle","Localizar portal oficial, plataforma ATS, URL de listado, ID nativo, paginación y términos de automatización."
CITY-ZH-0296,P0,ZH,296,Illnau-Effretikon,Bezirk Pfäffikon,2,,TO_DISCOVER,PENDING,,"""Illnau-Effretikon"" (""offene Stellen"" OR Jobs) (Gärtner OR Werkhof OR Grünpflege)","""Illnau-Effretikon"" (Stadtgrün OR Stadtgärtnerei OR Werkhof OR Werkdienst OR Friedhof) Stelle","Localizar portal oficial, plataforma ATS, URL de listado, ID nativo, paginación y términos de automatización."
CITY-ZH-0062,P0,ZH,62,Kloten,Bezirk Bülach,1,,TO_DISCOVER,PENDING,,"""Kloten"" (""offene Stellen"" OR Jobs) (Gärtner OR Werkhof OR Grünpflege)","""Kloten"" (Stadtgrün OR Stadtgärtnerei OR Werkhof OR Werkdienst OR Friedhof) Stelle","Localizar portal oficial, plataforma ATS, URL de listado, ID nativo, paginación y términos de automatización."
CITY-ZH-0154,P0,ZH,154,Küsnacht (ZH),Bezirk Meilen,1,,TO_DISCOVER,PENDING,,"""Küsnacht (ZH)"" (""offene Stellen"" OR Jobs) (Gärtner OR Werkhof OR Grünpflege)","""Küsnacht (ZH)"" (Stadtgrün OR Stadtgärtnerei OR Werkhof OR Werkdienst OR Friedhof) Stelle","Localizar portal oficial, plataforma ATS, URL de listado, ID nativo, paginación y términos de automatización."
CITY-ZH-0156,P0,ZH,156,Meilen,Bezirk Meilen,2,,TO_DISCOVER,PENDING,,"""Meilen"" (""offene Stellen"" OR Jobs) (Gärtner OR Werkhof OR Grünpflege)","""Meilen"" (Stadtgrün OR Stadtgärtnerei OR Werkhof OR Werkdienst OR Friedhof) Stelle","Localizar portal oficial, plataforma ATS, URL de listado, ID nativo, paginación y términos de automatización."
CITY-ZH-0155,P0,ZH,155,Männedorf,Bezirk Meilen,2,,TO_DISCOVER,PENDING,,"""Männedorf"" (""offene Stellen"" OR Jobs) (Gärtner OR Werkhof OR Grünpflege)","""Männedorf"" (Stadtgrün OR Stadtgärtnerei OR Werkhof OR Werkdienst OR Friedhof) Stelle","Localizar portal oficial, plataforma ATS, URL de listado, ID nativo, paginación y términos de automatización."
CITY-ZH-0066,P0,ZH,66,Opfikon,Bezirk Bülach,1,,TO_DISCOVER,PENDING,,"""Opfikon"" (""offene Stellen"" OR Jobs) (Gärtner OR Werkhof OR Grünpflege)","""Opfikon"" (Stadtgrün OR Stadtgärtnerei OR Werkhof OR Werkdienst OR Friedhof) Stelle","Localizar portal oficial, plataforma ATS, URL de listado, ID nativo, paginación y términos de automatización."
CITY-ZH-0177,P0,ZH,177,Pfäffikon,Bezirk Pfäffikon,2,,TO_DISCOVER,PENDING,,"""Pfäffikon"" (""offene Stellen"" OR Jobs) (Gärtner OR Werkhof OR Grünpflege)","""Pfäffikon"" (Stadtgrün OR Stadtgärtnerei OR Werkhof OR Werkdienst OR Friedhof) Stelle","Localizar portal oficial, plataforma ATS, URL de listado, ID nativo, paginación y términos de automatización."
CITY-ZH-0096,P0,ZH,96,Regensdorf,Bezirk Dielsdorf,2,,TO_DISCOVER,PENDING,,"""Regensdorf"" (""offene Stellen"" OR Jobs) (Gärtner OR Werkhof OR Grünpflege)","""Regensdorf"" (Stadtgrün OR Stadtgärtnerei OR Werkhof OR Werkdienst OR Friedhof) Stelle","Localizar portal oficial, plataforma ATS, URL de listado, ID nativo, paginación y términos de automatización."
CITY-ZH-0138,P0,ZH,138,Richterswil,Bezirk Horgen,2,,TO_DISCOVER,PENDING,,"""Richterswil"" (""offene Stellen"" OR Jobs) (Gärtner OR Werkhof OR Grünpflege)","""Richterswil"" (Stadtgrün OR Stadtgärtnerei OR Werkhof OR Werkdienst OR Friedhof) Stelle","Localizar portal oficial, plataforma ATS, URL de listado, ID nativo, paginación y términos de automatización."
CITY-ZH-0097,P0,ZH,97,Rümlang,Bezirk Dielsdorf,2,,TO_DISCOVER,PENDING,,"""Rümlang"" (""offene Stellen"" OR Jobs) (Gärtner OR Werkhof OR Grünpflege)","""Rümlang"" (Stadtgrün OR Stadtgärtnerei OR Werkhof OR Werkdienst OR Friedhof) Stelle","Localizar portal oficial, plataforma ATS, URL de listado, ID nativo, paginación y términos de automatización."
CITY-ZH-0118,P0,ZH,118,Rüti (ZH),Bezirk Hinwil,2,,TO_DISCOVER,PENDING,,"""Rüti (ZH)"" (""offene Stellen"" OR Jobs) (Gärtner OR Werkhof OR Grünpflege)","""Rüti (ZH)"" (Stadtgrün OR Stadtgärtnerei OR Werkhof OR Werkdienst OR Friedhof) Stelle","Localizar portal oficial, plataforma ATS, URL de listado, ID nativo, paginación y términos de automatización."
CITY-ZH-0247,P0,ZH,247,Schlieren,Bezirk Dietikon,1,,TO_DISCOVER,PENDING,,"""Schlieren"" (""offene Stellen"" OR Jobs) (Gärtner OR Werkhof OR Grünpflege)","""Schlieren"" (Stadtgrün OR Stadtgärtnerei OR Werkhof OR Werkdienst OR Friedhof) Stelle","Localizar portal oficial, plataforma ATS, URL de listado, ID nativo, paginación y términos de automatización."
CITY-ZH-0158,P0,ZH,158,Stäfa,Bezirk Meilen,2,,TO_DISCOVER,PENDING,,"""Stäfa"" (""offene Stellen"" OR Jobs) (Gärtner OR Werkhof OR Grünpflege)","""Stäfa"" (Stadtgrün OR Stadtgärtnerei OR Werkhof OR Werkdienst OR Friedhof) Stelle","Localizar portal oficial, plataforma ATS, URL de listado, ID nativo, paginación y términos de automatización."
CITY-ZH-0141,P0,ZH,141,Thalwil,Bezirk Horgen,1,,TO_DISCOVER,PENDING,,"""Thalwil"" (""offene Stellen"" OR Jobs) (Gärtner OR Werkhof OR Grünpflege)","""Thalwil"" (Stadtgrün OR Stadtgärtnerei OR Werkhof OR Werkdienst OR Friedhof) Stelle","Localizar portal oficial, plataforma ATS, URL de listado, ID nativo, paginación y términos de automatización."
CITY-ZH-0250,P0,ZH,250,Urdorf,Bezirk Dietikon,1,,TO_DISCOVER,PENDING,,"""Urdorf"" (""offene Stellen"" OR Jobs) (Gärtner OR Werkhof OR Grünpflege)","""Urdorf"" (Stadtgrün OR Stadtgärtnerei OR Werkhof OR Werkdienst OR Friedhof) Stelle","Localizar portal oficial, plataforma ATS, URL de listado, ID nativo, paginación y términos de automatización."
CITY-ZH-0198,P0,ZH,198,Uster,Bezirk Uster,2,,TO_DISCOVER,PENDING,,"""Uster"" (""offene Stellen"" OR Jobs) (Gärtner OR Werkhof OR Grünpflege)","""Uster"" (Stadtgrün OR Stadtgärtnerei OR Werkhof OR Werkdienst OR Friedhof) Stelle","Localizar portal oficial, plataforma ATS, URL de listado, ID nativo, paginación y términos de automatización."
CITY-ZH-0199,P0,ZH,199,Volketswil,Bezirk Uster,2,,TO_DISCOVER,PENDING,,"""Volketswil"" (""offene Stellen"" OR Jobs) (Gärtner OR Werkhof OR Grünpflege)","""Volketswil"" (Stadtgrün OR Stadtgärtnerei OR Werkhof OR Werkdienst OR Friedhof) Stelle","Localizar portal oficial, plataforma ATS, URL de listado, ID nativo, paginación y términos de automatización."
CITY-ZH-0069,P0,ZH,69,Wallisellen,Bezirk Bülach,1,,TO_DISCOVER,PENDING,,"""Wallisellen"" (""offene Stellen"" OR Jobs) (Gärtner OR Werkhof OR Grünpflege)","""Wallisellen"" (Stadtgrün OR Stadtgärtnerei OR Werkhof OR Werkdienst OR Friedhof) Stelle","Localizar portal oficial, plataforma ATS, URL de listado, ID nativo, paginación y términos de automatización."
CITY-ZH-0121,P0,ZH,121,Wetzikon (ZH),Bezirk Hinwil,2,,TO_DISCOVER,PENDING,,"""Wetzikon (ZH)"" (""offene Stellen"" OR Jobs) (Gärtner OR Werkhof OR Grünpflege)","""Wetzikon (ZH)"" (Stadtgrün OR Stadtgärtnerei OR Werkhof OR Werkdienst OR Friedhof) Stelle","Localizar portal oficial, plataforma ATS, URL de listado, ID nativo, paginación y términos de automatización."
CITY-ZH-0230,P0,ZH,230,Winterthur,Bezirk Winterthur,1,https://jobs.winterthur.ch/,REXX_SYSTEMS,VERIFIED,Stadtgrün Winterthur,"""Winterthur"" (""offene Stellen"" OR Jobs) (Gärtner OR Werkhof OR Grünpflege)","""Winterthur"" (Stadtgrün OR Stadtgärtnerei OR Werkhof OR Werkdienst OR Friedhof) Stelle","Localizar portal oficial, plataforma ATS, URL de listado, ID nativo, paginación y términos de automatización."
CITY-ZH-0293,P0,ZH,293,Wädenswil,Bezirk Horgen,2,,TO_DISCOVER,PENDING,,"""Wädenswil"" (""offene Stellen"" OR Jobs) (Gärtner OR Werkhof OR Grünpflege)","""Wädenswil"" (Stadtgrün OR Stadtgärtnerei OR Werkhof OR Werkdienst OR Friedhof) Stelle","Localizar portal oficial, plataforma ATS, URL de listado, ID nativo, paginación y términos de automatización."
CITY-ZH-0161,P0,ZH,161,Zollikon,Bezirk Meilen,1,,TO_DISCOVER,PENDING,,"""Zollikon"" (""offene Stellen"" OR Jobs) (Gärtner OR Werkhof OR Grünpflege)","""Zollikon"" (Stadtgrün OR Stadtgärtnerei OR Werkhof OR Werkdienst OR Friedhof) Stelle","Localizar portal oficial, plataforma ATS, URL de listado, ID nativo, paginación y términos de automatización."
CITY-ZH-0261,P0,ZH,261,Zürich,Bezirk Zürich,1,https://www.stadt-zuerich.ch/de/politik-und-verwaltung/arbeiten-bei-der-stadt/jobs.html,CITY_SITE_SUCCESSFACTORS_LINKED,VERIFIED,Grün Stadt Zürich,"""Zürich"" (""offene Stellen"" OR Jobs) (Gärtner OR Werkhof OR Grünpflege)","""Zürich"" (Stadtgrün OR Stadtgärtnerei OR Werkhof OR Werkdienst OR Friedhof) Stelle","Localizar portal oficial, plataforma ATS, URL de listado, ID nativo, paginación y términos de automatización."
